{"loss": 0.20710867643356323, "_timestamp": 1660895977.5878782, "_runtime": 24.649015188217163, "_step": 99, "_wandb": {"runtime": 24}}