{"loss": 1.9052400588989258, "_timestamp": 1660896452.9507744, "_runtime": 251.49240851402283, "_step": 999, "_wandb": {"runtime": 251}}